[
  {
    "line": 1,
    "elements": [
      {
        "before": [
          {
            "result": {
              "duration": 12429600,
              "status": "passed"
            },
            "match": {
              "location": "HomePageSteps.setup(Scenario)"
            }
          }
        ],
        "line": 4,
        "name": "Successful launching of Add User page",
        "description": "",
        "id": "get-add-user-page-functonality;successful-launching-of-add-user-page",
        "type": "scenario",
        "keyword": "Scenario",
        "steps": [
          {
            "result": {
              "duration": 4609299979,
              "status": "passed"
            },
            "line": 5,
            "name": "Data Store Application home page is displayed",
            "match": {
              "location": "HomePageSteps.data_Store_Application_home_page_is_displayed()"
            },
            "keyword": "Given "
          },
          {
            "result": {
              "duration": 216087910,
              "status": "passed"
            },
            "line": 6,
            "name": "User clicks on \u003cAdd User\u003e button",
            "match": {
              "location": "HomePageSteps.user_clicks_on_Add_User_button()"
            },
            "keyword": "When "
          },
          {
            "result": {
              "duration": 337405171,
              "status": "passed"
            },
            "line": 7,
            "name": "Add User page should be displayed",
            "match": {
              "location": "AddUserPageSteps.add_User_page_should_be_displayed()"
            },
            "keyword": "Then "
          },
          {
            "result": {
              "duration": 1048429715,
              "status": "passed"
            },
            "line": 8,
            "name": "User closes the application.",
            "match": {
              "location": "HomePageSteps.user_closes_the_application()"
            },
            "keyword": "And "
          }
        ],
        "tags": [
          {
            "line": 3,
            "name": "@Test"
          }
        ]
      }
    ],
    "name": "Get Add User page functonality",
    "description": "",
    "id": "get-add-user-page-functonality",
    "keyword": "Feature",
    "uri": "1.GetAddUserPage.feature"
  },
  {
    "line": 1,
    "elements": [
      {
        "before": [
          {
            "result": {
              "duration": 189546,
              "status": "passed"
            },
            "match": {
              "location": "HomePageSteps.setup(Scenario)"
            }
          }
        ],
        "line": 3,
        "name": "Successful launching of Retrieve User page",
        "description": "",
        "id": "get-retrieve-user-page-functonality;successful-launching-of-retrieve-user-page",
        "type": "scenario",
        "keyword": "Scenario",
        "steps": [
          {
            "result": {
              "duration": 3210717571,
              "status": "passed"
            },
            "line": 4,
            "name": "Data Store Application home page is displayed",
            "match": {
              "location": "HomePageSteps.data_Store_Application_home_page_is_displayed()"
            },
            "keyword": "Given "
          },
          {
            "result": {
              "duration": 245784682,
              "status": "passed"
            },
            "line": 5,
            "name": "User clicks on \u003cRetrieve User\u003e button",
            "match": {
              "location": "HomePageSteps.user_clicks_on_Retrieve_User_button()"
            },
            "keyword": "When "
          },
          {
            "result": {
              "duration": 283734626,
              "status": "passed"
            },
            "line": 6,
            "name": "Retrieve User page should be displayed",
            "match": {
              "location": "RetrieveUserPageSteps.retrieve_User_page_should_be_displayed()"
            },
            "keyword": "Then "
          },
          {
            "result": {
              "duration": 1045305985,
              "status": "passed"
            },
            "line": 7,
            "name": "User closes the application.",
            "match": {
              "location": "HomePageSteps.user_closes_the_application()"
            },
            "keyword": "And "
          }
        ]
      }
    ],
    "name": "Get Retrieve User page functonality",
    "description": "",
    "id": "get-retrieve-user-page-functonality",
    "keyword": "Feature",
    "uri": "2.GetRetrieveUserPage.feature"
  }
]